[
  {
    "icon": "fa fa-home",
    "slug": "external",
    "title": "Volver al inicio",
    "path": "index.html"
  },   
  {
    "id": 0,
    "icon": "fa fa-file-text",
    "slug": "introduccion",
    "title": "Introducción",
    "breadcrumb": ["Inicio","Introducción"],
    "path": "pages/introduccion.html"
  },
  {
    "id": 1,
    "icon": "fa fa-file-text",
    "slug": "ciclo_for",
    "title": "1. Ciclo FOR",    
    "path": "pages/tema-1.html",    
    "submenu": [
      {
        "icon": "fa fa-file-text",
        "slug": "ciclo_for",
        "title": "1.1 Uso de RANGE",
        "anchor": "tema1_1"
      },
      {
        "icon": "fa fa-file-text",
        "slug": "ciclo_for",
        "title": "1.2 Conceptos: valor inicial, valor final, incremento",
        "anchor": "tema1_2"
      },     
      {
        "icon": "fa fa-file-text",
        "slug": "ciclo_for",
        "title": "1.3 Usos y estructura",
        "anchor": "tema1_3"
      },   
      {
        "icon": "fa fa-file-text",
        "slug": "ciclo_for",
        "title": "1.4 Sentencias BREAK, CONTINUE y PASS",
        "anchor": "tema1_4"
      },   
      {
        "icon": "fa fa-file-text",
        "slug": "ciclo_for",
        "title": "1.5 Estructura FOR - ELSE",
        "anchor": "tema1_5"
      }
    ]   
  },
  {
    "id": 2,
    "icon": "fa fa-file-text",
    "slug": "ciclo_while",
    "title": "2. Ciclo WHILE",    
    "path": "pages/tema-2.html",
    "submenu": [
      {
        "icon": "fa fa-file-text",
        "slug": "ciclo_while",
        "title": "2.1 Estructura WHILE",
        "anchor": "tema2_1"
      }, 
      {
        "icon": "fa fa-file-text",
        "slug": "ciclo_while",
        "title": "2.2 Tipos de bucle WHILE",
        "anchor": "tema2_2"
      },
      {
        "icon": "fa fa-file-text",
        "slug": "ciclo_while",
        "title": "2.3 Sentencias BREAK, CONTINUE y PASS",
        "anchor": "tema2_3"
      }
    ]   
  },    
  {
    "id": 3,
    "icon": "fa fa-question",
    "slug": "actividad",
    "title": "actividad didáctica",    
    "path": "pages/actividad-1.html"       
  }
]