[
  {
    "icon": "fa fa-home",
    "slug": "external",
    "title": "Volver al inicio",
    "path": "index.html"
  },   
  {
    "id": 0,
    "icon": "fa fa-file-text",
    "slug": "introduccion",
    "title": "Introducción",
    "breadcrumb": ["Inicio","Introducción"],
    "path": "pages/introduccion.html"
  },
  {
    "id": 1,
    "icon": "fa fa-file-text",
    "slug": "condiciones_simples",
    "title": "1. Condicionales simples",    
    "path": "pages/tema-1.html",    
    "submenu": [
      {
        "icon": "fa fa-file-text",
        "slug": "condiciones_simples",
        "title": "1.1 Uso de IF",
        "anchor": "tema1_1"
      },
      {
        "icon": "fa fa-file-text",
        "slug": "condiciones_simples",
        "title": "1.2 Uso de IF - ELSE",
        "anchor": "tema1_2"
      }       
    ]   
  },
  {
    "id": 2,
    "icon": "fa fa-file-text",
    "slug": "condicionales_anidadas",
    "title": "2. Condicionales anidadas",    
    "path": "pages/tema-2.html",
    "submenu": [
      {
        "icon": "fa fa-file-text",
        "slug": "condicionales_anidadas",
        "title": "2.1 Concepto",
        "anchor": "tema2_1"
      }, 
      {
        "icon": "fa fa-file-text",
        "slug": "condicionales_anidadas",
        "title": "2.2 Uso de ELIF",
        "anchor": "tema2_2"
      } 
    ]   
  },    
  {
    "id": 3,
    "icon": "fa fa-question",
    "slug": "actividad",
    "title": "actividad didáctica",    
    "path": "pages/actividad-1.html"       
  }
]