[
  {
    "icon": "fa fa-home",
    "slug": "external",
    "title": "Volver al inicio",
    "path": "index.html"
  },   
  {
    "id": 0,
    "icon": "fa fa-file-text",
    "slug": "introduccion",
    "title": "Introducción",
    "breadcrumb": ["Inicio","Introducción"],
    "path": "pages/introduccion.html"
  },
  {
    "id": 1,
    "icon": "fa fa-file-text",
    "slug": "entrada_datos",
    "title": "1. Entrada de datos",    
    "path": "pages/tema-1.html",    
    "submenu": [
      {
        "icon": "fa fa-file-text",
        "slug": "entrada_datos",
        "title": "1.1 Entrada estándar",
        "anchor": "tema1_1"
      },
      {
        "icon": "fa fa-file-text",
        "slug": "entrada_datos",
        "title": "1.2 Entrada por script",
        "anchor": "tema1_2"
      }       
    ]   
  },
  {
    "id": 2,
    "icon": "fa fa-file-text",
    "slug": "salida_datos",
    "title": "2. Salida de datos",    
    "path": "pages/tema-2.html",
    "submenu": [
      {
        "icon": "fa fa-file-text",
        "slug": "salida_datos",
        "title": "2.1 Sentencia print",
        "anchor": "tema2_1"
      }, 
      {
        "icon": "fa fa-file-text",
        "slug": "salida_datos",
        "title": "2.2 Salida de datos con formato",
        "anchor": "tema2_2"
      },   
      {
        "icon": "fa fa-file-text",
        "slug": "salida_datos",
        "title": "2.3 Impresión de cadenas",
        "anchor": "tema2_3"
      }     
    ]   
  },  
  {
    "id": 3,
    "icon": "fa fa-file-text",
    "slug": "instrucciones_secuenciales",
    "title": "3. Instrucciones secuenciales con Python",    
    "path": "pages/tema-3.html",
    "submenu": [
      {
        "icon": "fa fa-file-text",
        "slug": "instrucciones_secuenciales",
        "title": "3.1 Comentarios en Python",
        "anchor": "tema3_1"
      }, 
      {
        "icon": "fa fa-file-text",
        "slug": "instrucciones_secuenciales",
        "title": "3.2 Instrucciones de asignación",
        "anchor": "tema3_2"
      },   
      {
        "icon": "fa fa-file-text",
        "slug": "instrucciones_secuenciales",
        "title": "3.3 Inicialización de variables",
        "anchor": "tema3_3"
      },    
      {
        "icon": "fa fa-file-text",
        "slug": "instrucciones_secuenciales",
        "title": "3.4 Uso de constantes y variables",
        "anchor": "tema3_4"
      },
      {
        "icon": "fa fa-file-text",
        "slug": "instrucciones_secuenciales",
        "title": "3.5 Funciones predefinidas de Python",
        "anchor": "tema3_5"
      },
      {
        "icon": "fa fa-file-text",
        "slug": "instrucciones_secuenciales",
        "title": "3.6 Librerías de fecha, random y matemáticas",
        "anchor": "tema3_6"
      }
    ]   
  },
  {
    "id": 4,
    "icon": "fa fa-question",
    "slug": "actividad",
    "title": "Actividad didáctica",    
    "path": "pages/actividad-1.html"       
  }
]